index,localx,gap,realv,fid
14,585,158,7,6
14,592,159,7,7
14,599,159.5,5,8
14,604,162.5,7,9
14,611,163.5,7,10
14,618,164,7,11
14,625,165,7,12
14,632,167.5,7,13
14,639,168.5,7,14
14,646,169,8,15
14,654,170,7,16
14,661,172.5,8,17
14,669,171.5,7,18
14,676,172.5,9,19
14,685,174,5,20
14,690,175.5,7,21
14,697,177,8,22
14,705,178,6,23
14,711,180,8,24
14,719,181,7,25
14,726,182,7,26
14,733,183,8,27
15,315,241,7,6
15,322,242,6,7
15,328,243,5,8
15,333,241,7,9
15,340,241,6,10
15,346,242.5,6,11
15,352,243.5,6,12
15,358,243.5,6,13
15,364,244.5,6,14
15,370,245.5,7,15
15,377,246.5,6,16
15,383,247.5,6,17
15,389,249,6,18
15,395,250,6,19
15,401,255,5,20
15,406,255.5,6,21
15,412,256.5,8,22
15,420,256,6,23
15,426,255.5,5,24
15,431,260,7,25
15,438,257.5,7,26
15,445,258.5,6,27
15,451,260,5,28
15,456,261,7,29
15,463,262,5,30
15,468,263.5,6,31
15,474,264,6,32
15,480,267.5,6,33
15,486,269,8,34
15,494,267,5,35
15,499,268,5,36
15,504,270.5,8,37
15,512,270,5,38
15,517,272,7,39
15,524,273,4,40
15,528,276,10,41
15,538,275,5,42
15,543,275.5,5,43
15,548,279.5,7,44
15,555,278.5,5,45
15,560,283,6,46
15,566,281.5,5,47
15,571,285,9,48
15,580,286.5,6,49
15,586,287.5,4,50
15,590,290,6,51
15,596,291.5,7,52
15,603,292,5,53
15,608,295.5,7,54
15,615,297,6,55
15,621,298.5,6,56
168,398,417.5,5,67
168,403,421.5,9,68
168,412,420,10,69
168,422,421.5,8,70
168,430,422,8,71
168,438,420,8,72
168,446,421.5,10,73
168,456,421,9,74
168,465,421.5,9,75
168,474,421,8,76
168,482,421,9,77
168,491,422,9,78
168,500,421,10,79
187,11,45.5,4,74
187,15,44.5,3,75
187,18,45,4,76
187,22,44,8,77
187,30,43,7,78
187,37,43,8,79
187,45,42,7,80
187,52,42.5,9,81
187,61,37.5,8,82
187,69,35.5,4,83
187,73,40.5,7,84
187,80,39.5,5,85
187,85,41,8,86
187,93,38.5,7,87
187,100,37.5,6,88
187,106,38,7,89
187,113,38,8,90
187,121,36.5,6,91
187,127,36.5,7,92
187,134,36,5,93
187,139,36.5,8,94
187,147,35,5,95
187,152,35,8,96
187,160,34,6,97
187,166,34,6,98
187,172,34,6,99
187,178,35,6,100
187,184,35,6,101
187,190,34.5,5,102
187,195,34,7,103
187,202,34,6,104
187,208,34,5,105
187,213,34,6,106
187,219,36,8,107
187,227,33,6,108
187,233,33,5,109
187,238,33,6,110
187,244,33,6,111
187,250,35.5,4,112
187,254,36,8,113
187,262,33,6,114
187,268,35,5,115
187,273,36.5,6,116
187,279,34.5,4,117
187,283,41.5,7,118
187,290,35.5,6,119
187,296,33,4,120
187,300,34.5,6,121
187,306,35,6,122
187,312,38,6,123
187,318,36.5,2,124
220,686,103.5,0,86
220,686,104,5,87
220,691,105,9,88
220,700,103,6,89
220,706,102,9,90
220,715,102,7,91
220,722,101,6,92
220,728,102.5,6,93
220,734,101,7,94
220,741,101,9,95
220,750,100.5,7,96
220,757,98.5,7,97
220,764,97.5,7,98
220,771,98,7,99
220,778,98,8,100
220,786,97,8,101
243,186,434,8,95
243,194,432.5,9,96
243,203,432.5,9,97
243,222,430.5,9,99
243,231,430.5,9,100
243,240,431.5,9,101
243,249,431,10,102
243,259,429.5,9,103
243,268,429.5,9,104
243,286,430.5,10,106
243,296,430.5,9,107
243,305,429.5,9,108
356,222,92,1,136
356,223,98,6,137
356,217,103,6,138
356,223,104.5,7,139
356,230,100.5,6,140
356,236,100,7,141
356,243,98,7,142
356,250,97,6,143
356,256,96,7,144
356,263,95,6,145
356,269,93.5,7,146
356,276,92.5,7,147
356,283,91,6,148
356,289,90.5,6,149
356,295,94.5,7,150
356,302,89,6,151
356,308,87,6,152
356,314,87.5,0,153
356,314,86,8,154
356,322,86.5,8,155
356,330,83.5,7,156
356,337,83,8,157
356,345,82.5,6,158
356,351,81.5,6,159
356,357,82.5,6,160
356,363,84,5,161
356,368,82.5,6,162
356,374,81,6,163
356,380,81,6,164
356,386,82,6,165
356,392,79.5,5,166
356,397,81.5,6,167
356,403,81,4,168
356,407,81,7,169
356,414,81,4,170
356,418,84.5,7,171
356,425,81,5,172
356,430,83,5,173
356,435,83,6,174
356,441,82,5,175
356,446,83.5,1,176
356,447,81.5,1,177
361,151,212.5,9,137
361,160,209,8,138
361,168,208,9,139
361,177,206,8,140
361,185,206,10,141
361,195,200,10,142
361,205,195.5,8,143
361,213,191,10,144
361,223,190.5,9,145
361,232,186,10,146
361,242,182,9,147
361,251,179,9,148
361,260,174,9,149
361,269,171,8,150
361,277,169.5,8,151
392,7,226,3,148
392,10,229,4,149
392,14,230.5,4,150
392,18,231.5,7,151
392,25,233.5,7,152
392,32,235.5,7,153
392,39,239,8,154
392,47,242,7,155
392,54,242,7,156
392,61,243.5,6,157
392,67,247.5,7,158
392,74,253,7,159
392,81,253.5,7,160
392,88,258,8,161
392,96,257,7,162
392,103,259.5,7,163
392,110,262,7,164
392,117,264.5,6,165
392,123,267,7,166
392,130,269.5,6,167
392,136,272,6,168
392,142,274.5,7,169
392,149,279,8,170
392,157,278.5,1,171
392,158,281,1,172
394,590,86.5,9,150
394,599,82.5,10,151
394,609,79,10,152
394,619,86.5,9,153
394,628,86.5,7,154
394,635,88,10,155
394,645,87.5,10,156
394,655,88.5,10,157
394,665,89.5,10,158
394,685,98.5,10,160
394,695,89,7,161
394,702,85,7,162
408,314,161,8,154
408,322,163.5,8,155
408,330,163,7,156
408,337,166,8,157
408,345,166,7,158
408,352,168.5,10,159
408,362,167,10,160
408,372,167,9,161
408,381,162,8,162
408,389,162.5,10,163
408,399,160,9,164
408,408,158.5,9,165
408,417,157.5,9,166
408,426,157.5,9,167
408,435,154.5,9,168
408,444,152,10,169
408,454,150,8,170
408,462,150.5,9,171
408,471,148.5,9,172
408,480,147,8,173
408,488,144.5,10,174
408,498,142.5,9,175
408,507,141.5,9,176
408,516,140,10,177
408,526,139,8,178
408,534,137.5,10,179
408,544,137,8,180
408,552,134,8,181
408,560,132.5,8,182
458,184,286,6,175
458,190,288.5,6,176
458,196,293,7,177
458,203,297.5,8,178
458,211,295,7,179
458,218,300,6,180
458,224,300,6,181
458,230,302,7,182
458,237,304,7,183
458,244,305.5,8,184
458,252,307.5,7,185
458,259,312.5,6,186
458,265,315,6,187
458,271,317.5,8,188
458,279,319.5,7,189
458,286,322.5,8,190
458,294,322,6,191
458,300,327.5,5,192
458,305,332,7,193
458,312,334.5,8,194
458,320,337.5,8,195
458,328,337.5,6,196
458,334,340,7,197
458,341,342,8,198
458,349,344,7,199
458,356,346.5,7,200
458,363,348.5,7,201
458,370,350.5,7,202
458,377,352.5,7,203
458,384,354.5,5,204
458,389,356.5,7,205
458,396,358.5,7,206
458,403,361,7,207
458,410,362.5,6,208
458,416,365.5,8,209
458,424,365.5,6,210
458,430,368,7,211
458,437,370.5,7,212
458,444,372.5,7,213
458,451,373,8,214
458,459,373.5,7,215
458,466,376,7,216
458,473,376.5,7,217
458,480,378,7,218
458,487,381,9,219
458,496,382.5,7,220
458,503,384,6,221
458,509,386.5,8,222
458,517,387,5,223
458,522,389,7,224
487,572,127,7,183
487,579,130.5,9,184
487,588,129.5,11,185
487,599,127,9,186
487,608,125.5,9,187
487,617,123.5,9,188
487,626,120.5,10,189
487,636,116.5,9,190
487,645,118.5,10,191
487,655,116.5,9,192
487,664,115.5,10,193
487,674,111.5,10,194
487,684,107.5,9,195
487,693,103.5,9,196
487,702,108,10,197
487,712,107,9,198
487,721,104.5,9,199
487,730,104,9,200
487,739,103,9,201
487,748,102,9,202
487,757,101,9,203
487,766,99.5,9,204
487,775,98,9,205
487,784,97,9,206
487,793,96,8,207
487,801,96.5,9,208
487,810,94.5,10,209
487,820,91,7,210
487,827,93,9,211
528,340,127.5,7,196
528,347,123.5,9,197
528,356,123,1,198
528,355,123,7,199
528,362,122.5,7,200
528,369,119,7,201
528,376,119,6,202
528,382,117.5,6,203
528,388,118.5,5,204
528,393,118,7,205
528,400,116.5,7,206
528,407,116,6,207
528,413,115.5,4,208
528,417,116,10,209
528,427,116.5,6,210
528,433,115.5,6,211
528,439,115.5,6,212
528,445,115,2,213
528,447,115.5,6,214
528,453,115,6,215
528,459,116.5,5,216
528,464,119,6,217
528,470,118.5,6,218
528,476,117.5,6,219
528,482,117.5,6,220
597,497,117,5,221
597,502,118.5,5,222
597,507,121,5,223
597,512,120.5,6,224
597,518,120.5,6,225
597,524,122,2,226
597,526,121,5,227
597,531,122.5,5,228
597,536,123,8,229
597,544,123,4,230
597,548,124.5,4,231
597,552,124.5,8,232
597,560,125,1,233
597,561,125.5,5,234
597,566,127.5,5,235
614,64,182,9,234
614,73,180.5,10,235
614,83,179,7,236
614,90,180.5,9,237
614,99,179.5,10,238
614,109,178,10,239
614,119,176.5,10,240
614,129,175.5,9,241
614,138,175,8,242
614,146,173.5,10,243
614,156,172,10,244
614,166,173,10,245
614,176,169.5,9,246
614,185,167,8,247
614,193,164.5,10,248
614,203,170,10,249
614,213,165.5,9,250
614,222,164.5,10,251
614,232,162.5,9,252
614,241,160.5,8,253
614,249,155,8,254
637,659,130,2,249
637,657,130.5,10,250
637,667,134,8,251
637,675,132,0,252
637,675,132.5,7,253
637,682,131,7,254
637,689,132,6,255
637,695,133.5,7,256
637,702,131,7,257
637,709,131.5,6,258
637,715,131.5,7,259
637,722,131,8,260
637,730,131,8,261
637,743,130,7,263
637,750,130,7,264
637,757,129,7,265
637,764,129,7,266
637,785,127,7,269
637,792,126,7,270
656,260,158.5,9,255
656,269,159.5,10,256
656,279,155.5,9,257
656,288,155.5,10,258
656,298,153,10,259
656,308,151.5,9,260
656,317,152,10,261
656,327,149,10,262
656,337,148,9,263
656,346,150,9,264
656,355,146,9,265
689,414,138,9,271
689,423,136,8,272
689,431,136.5,10,273
689,441,134.5,9,274
689,450,133.5,10,275
689,460,132.5,9,276
689,469,133,9,277
689,478,131,9,278
689,487,130,9,279
689,496,131.5,10,280
689,506,129,9,281
689,515,125.5,9,282
689,524,124.5,9,283
689,533,124.5,9,284
689,542,123.5,9,285
689,551,122.5,9,286
689,569,119,9,288
689,578,118.5,9,289
689,587,117,9,290
689,596,116.5,9,291
689,605,115.5,9,292
689,614,114.5,9,293
689,623,113,9,294
689,632,112.5,9,295
689,641,111.5,8,296
689,649,110,8,297
689,657,111,8,298
689,665,111.5,8,299
736,223,121.5,8,291
736,231,120,8,292
736,239,120,8,293
736,247,119.5,8,294
736,255,118,7,295
736,262,117.5,8,296
736,270,116.5,8,297
736,278,116,7,298
736,285,115,8,299
736,293,114.5,7,300
736,300,115,8,301
736,308,115,7,302
736,315,115.5,8,303
736,323,114.5,7,304
736,330,115,8,305
736,338,113,7,306
736,345,114.5,8,307
736,353,114,8,308
736,361,112.5,7,309
736,368,113,7,310
736,375,114,8,311
736,383,113,9,312
736,392,111,6,313
736,398,113,8,314
736,406,113,8,315
736,414,111,7,316
736,421,111.5,7,317
736,428,113,8,318
736,436,111,8,319
736,444,110,8,320
736,452,112.5,8,321
736,460,110,8,322
736,468,110,7,323
736,475,109,9,324
736,484,110.5,8,325
736,492,108,6,326
736,498,107.5,8,327
736,506,107,8,328
736,514,106,7,329
736,521,106,8,330
736,529,105,8,331
736,537,105,8,332
736,545,104,8,333
736,553,105,7,334
736,560,104.5,8,335
736,568,104.5,7,336
736,575,103,9,337
736,584,103.5,7,338
736,591,103.5,9,339
736,600,101.5,8,340
736,608,101,8,341
736,616,101,7,342
736,623,101,9,343
736,632,99.5,8,344
736,640,99.5,8,345
736,648,98.5,6,346
736,654,100,9,347
736,663,99,8,348
736,671,97.5,8,349
736,679,97.5,8,350
736,687,97.5,7,351
736,694,98.5,8,352
736,702,97,8,353
736,710,97,9,354
736,719,96.5,7,355
736,726,97,8,356
736,734,96.5,8,357
736,742,96.5,8,358
736,750,96.5,8,359
736,758,96.5,8,360
736,766,96.5,8,361
736,774,97,8,362
736,782,96.5,8,363
736,790,96,8,364
736,798,96.5,7,365
736,805,96.5,8,366
736,813,99,8,367
736,821,97,8,368
768,443,230.5,9,303
768,452,229,9,304
768,461,229.5,9,305
768,470,230,8,306
768,478,228,9,307
768,487,226,9,308
768,496,224,8,309
768,504,228,10,310
768,514,227,8,311
768,522,226.5,11,312
768,533,225.5,8,313
768,541,224,10,314
768,551,223,9,315
768,560,222,9,316
768,569,220.5,9,317
768,578,220,8,318
768,586,219.5,10,319
768,596,218,8,320
768,604,217.5,9,321
768,613,217,9,322
768,622,215.5,10,323
768,632,214,10,324
768,642,212,8,325
768,650,212,9,326
768,659,209,9,327
768,668,208.5,9,328
768,677,206.5,9,329
768,686,207,9,330
768,695,204,10,331
768,705,203,9,332
768,714,201.5,10,333
781,106,359,8,308
781,114,359,10,309
781,124,358.5,3,310
781,127,360.5,9,311
781,136,359,8,312
781,144,360,9,313
781,153,359,9,314
781,162,361,8,315
781,170,360.5,10,316
781,180,360.5,8,317
781,188,360.5,8,318
781,206,360.5,9,320
781,215,359,9,321
781,224,359.5,9,322
781,233,359,9,323
781,242,360.5,9,324
781,251,361.5,9,325
781,260,360,9,326
781,269,360,9,327
781,278,360.5,10,328
781,288,358.5,9,329
781,297,358.5,8,330
781,305,360,10,331
781,315,361,9,332
781,324,360,10,333
781,334,359.5,9,334
781,343,360,9,335
781,352,360.5,7,336
781,359,362,6,337
781,365,371,4,338
781,369,375.5,5,339
781,374,381.5,0,340
797,9,159,5,314
797,14,158.5,4,315
797,18,158.5,8,316
797,26,158,9,317
797,35,157,8,318
797,43,156.5,9,319
797,52,155.5,8,320
797,60,155.5,8,321
797,68,156,9,322
797,77,155.5,8,323
797,85,156,9,324
797,94,155,8,325
797,102,155,8,326
797,110,155,9,327
797,119,154.5,8,328
797,127,155,8,329
797,135,155,9,330
797,144,154.5,8,331
797,152,154.5,9,332
797,161,153.5,8,333
797,169,155,7,334
797,176,156.5,10,335
797,186,153.5,7,336
797,193,153.5,9,337
797,202,155,7,338
797,209,155,9,339
797,218,155,7,340
797,225,156.5,10,341
797,235,153.5,8,342
797,243,154,2,343
797,245,152,2,344
891,447,357,8,346
891,455,357,9,347
891,464,356,10,348
891,474,355.5,9,349
891,483,355.5,10,350
891,493,354.5,10,351
891,503,353.5,10,352
891,513,351.5,9,353
891,522,354,10,354
891,532,352.5,10,355
891,542,350.5,10,356
891,552,350,9,357
891,561,351,9,358
984,160,113.5,6,371
984,166,115,9,372
984,175,112.5,9,373
984,184,112.5,10,374
984,194,112,9,375
984,203,111,9,376
984,212,111.5,9,377
984,221,111,10,378
984,231,111.5,9,379
984,240,111,9,380
984,249,109.5,8,381
984,257,110.5,10,382
984,267,109,9,383
984,276,113,10,384
984,286,108.5,10,385
984,296,107.5,9,386
984,305,107.5,8,387
984,313,107.5,11,388
984,324,106.5,9,389
984,333,106.5,9,390
984,342,106,9,391
984,351,104.5,9,392
984,360,105.5,9,393
984,369,106.5,11,394
984,380,103.5,9,395
1015,75,160,9,383
1015,84,162.5,9,384
1015,93,162.5,9,385
1015,102,164,8,386
1015,110,164.5,8,387
1015,118,164,11,388
1015,129,165,9,389
1015,138,165,9,390
1015,147,164.5,7,391
1015,154,167.5,8,392
1015,162,168,10,393
1015,172,168,10,394
1015,182,168,8,395
1015,190,170,10,396
1015,200,172,8,397
1015,208,168.5,8,398
1015,216,164,9,399
1015,225,160,9,400
1015,234,168.5,8,401
1015,242,169.5,9,402
1015,251,169.5,9,403
1015,260,170.5,8,404
1015,268,171.5,10,405
1015,278,169.5,8,406
1015,286,173.5,9,407
1015,295,173,9,408
1015,304,172.5,8,409
1015,312,175,10,410
1015,322,172.5,8,411
1015,330,174.5,9,412
1015,339,174.5,9,413
1015,348,176,9,414
1015,357,176,8,415
1015,365,177.5,10,416
1015,375,177,8,417
1015,383,174.5,8,418
1060,273,148.5,6,398
1060,279,150,9,399
1060,288,147,8,400
1060,296,151,8,401
1060,304,150,7,402
1060,311,150,8,403
1060,319,153,7,404
1060,326,152,8,405
1060,334,152,8,406
1060,342,155,9,407
1060,351,154.5,9,408
1060,360,153,6,409
1060,366,153.5,8,410
1060,374,154,8,411
1060,382,155,7,412
1060,389,155,8,413
1060,397,155,7,414
1060,404,158,7,415
1060,411,157,8,416
1060,419,156.5,0,417
1060,419,157,8,418
1060,427,156,7,419
1060,434,156.5,7,420
1060,441,158.5,9,421
1060,450,156.5,8,422
1060,458,160,8,423
1060,466,156,8,424
1060,474,156,8,425
1060,482,156,7,426
1060,489,155,7,427
1060,496,156,7,428
1060,503,158,10,429
1060,513,155,8,430
1060,521,154,7,431
1060,528,154,8,432
1060,536,154.5,7,433
1060,543,154,8,434
1060,551,153.5,8,435
1060,559,153.5,0,436
1061,26,159,8,399
1061,34,160.5,9,400
1061,43,160.5,9,401
1061,52,160,9,402
1061,61,160.5,10,403
1061,71,159.5,8,404
1061,79,159,9,405
1061,88,160,9,406
1061,97,159.5,9,407
1061,106,160,8,408
1061,114,160.5,9,409
1061,123,159.5,8,410
1061,131,161.5,8,411
1061,139,160,10,412
1061,149,160.5,9,413
1061,158,161,8,414
1061,166,162,3,415
1061,169,162.5,3,416
1108,184,162,9,417
1108,193,161,8,418
1108,201,163,8,419
1108,209,163,8,420
1108,217,166.5,9,421
1108,226,163,8,422
1108,234,164,9,423
1108,243,163.5,8,424
1108,251,166.5,9,425
1108,260,166,8,426
1108,268,167,9,427
1108,277,167.5,8,428
1108,285,168.5,9,429
1108,294,168,9,430
1108,303,168.5,8,431
1108,311,169.5,9,432
1108,320,169.5,8,433
1108,328,171,9,434
1108,337,171,8,435
1108,345,171.5,8,436
1108,353,174,8,437
1108,361,175.5,7,438
1108,368,180,7,439
1108,375,184,7,440
1108,382,187,19,441
1119,601,94,9,419
1119,610,95,10,420
1119,620,91.5,9,421
1119,629,93.5,10,422
1119,639,90,9,423
1119,648,92,10,424
1119,658,90,9,425
1119,667,88,10,426
1119,677,87,9,427
1119,686,86,9,428
1119,695,85.5,10,429
1119,705,85,10,430
1119,715,85,9,431
1119,724,82.5,9,432
1119,733,82.5,9,433
1119,742,82.5,10,434
1119,752,80,9,435
1119,761,79.5,10,436
1119,771,79.5,9,437
1119,780,77.5,10,438
1119,790,76.5,9,439
1119,799,76.5,7,440
1119,806,81,10,441
1119,816,80.5,10,442
1119,835,80.5,9,444
1120,394,171,8,419
1120,402,171,10,420
1120,412,178,7,421
1120,419,179,9,422
1120,428,179.5,9,423
1120,437,179.5,10,424
1120,447,180,9,425
1120,456,180,9,426
1120,465,180.5,9,427
1120,474,181,9,428
1120,483,180.5,9,429
1120,492,182,9,430
1120,501,183.5,9,431
1120,510,183,9,432
1120,519,182,9,433
1120,528,183,9,434
1120,537,184,9,435
1120,546,183.5,10,436
1120,556,184,9,437
1120,565,184,10,438
1120,575,183,9,439
1120,584,184,9,440
1120,593,184.5,9,441
1120,602,185.5,9,442
1131,238,205,7,425
1131,245,205.5,3,426
1131,248,214.5,7,427
1131,255,215.5,8,428
1131,263,216,6,429
1131,269,217,7,430
1131,276,218.5,7,431
1131,283,218.5,7,432
1131,290,220.5,8,433
1131,298,220,9,434
1131,311,224.5,7,436
1131,318,221.5,7,437
1131,325,223.5,7,438
1131,332,224,8,439
1168,118,200.5,1,439
1168,127,212,10,441
1168,137,209,10,442
1168,147,208,10,443
1168,157,206,10,444
1168,167,201.5,6,445
1168,173,203.5,10,446
1168,183,198,9,447
1168,192,197.5,10,448
1168,202,195.5,8,449
1168,210,193.5,8,450
1168,218,194,10,451
1168,228,188.5,8,452
1168,236,186.5,8,453
1168,244,186,8,454
1168,252,186,9.5,455
1178,368,90,7,441
1178,375,88.5,8,442
1178,383,85.5,7,443
1178,390,84,7,444
1178,397,81,8,445
1178,405,80,6,446
1178,411,77,8,447
1178,419,75.5,7,448
1178,426,74,7,449
1178,433,72,7,450
1178,440,71,6,451
1178,446,70,6,452
1178,452,69.5,6,453
1178,458,71,6,454
1179,218,99,7,441
1179,225,91.5,10,442
1179,235,101,5,443
1179,240,108.5,5,444
1179,245,108,8,445
1179,253,108.5,8,446
1179,261,105,7,447
1179,268,106,8,448
1179,276,108.5,5,449
1179,281,108.5,5,450
1179,286,112,8,451
1179,294,105,10,452
1179,304,105.5,10,453
1179,314,105,10,454
1179,324,105,2.5,455
1184,401,177,7,442
1184,408,178.5,5,443
1184,413,179,8,444
1184,421,181,8,445
1184,429,180.5,9,446
1184,438,180.5,7,447
1184,445,181.5,10,448
1184,455,182.5,8,449
1184,463,183,8,450
1184,471,185,8,451
1184,479,185.5,9,452
1184,488,186,9,453
1184,497,186,9,454
1184,506,187,8.5,455
1195,184,209.5,9,445
1195,193,209,10,446
1195,203,207,10,447
1195,213,202.5,9,448
1195,222,206,10,449
1195,232,202.5,10,450
1195,242,202,9,451
1195,251,198.5,10,452
1195,261,198.5,10,453
1195,271,199,10,454
1195,281,200,9.5,455
1218,523,187.5,7,457
1218,530,190.5,10,458
1218,540,190,7,459
1218,547,193,10,460
1218,557,190.5,8,461
1218,565,193,9,462
1218,574,191.5,9,463
1218,583,192.5,8,464
1218,591,194,9,465
1218,600,195.5,9,466
1218,609,197.5,9,467
1218,618,197.5,9,468
1218,627,197.5,6,469
1218,633,198,6,470
1222,479,62.5,5,457
1222,484,61.5,7,458
1222,491,60,6,459
1222,497,58.5,6,460
1222,503,59,5,461
1222,508,60.5,7,462
1222,515,57,7,463
1222,522,56,5,464
1222,527,59.5,7,465
1222,534,60.5,6,466
1222,540,55.5,6,467
1222,546,49,7,468
1222,553,42,7,469
1222,565,50,8,471
1222,573,49,6,472
1222,579,46.5,7,473
1222,586,44,5,474
1222,591,42.5,5,475
1222,601,62,0.222222222,477
1242,135,193,9,463
1242,144,197,9,464
1242,153,198.5,10,465
1242,163,198,9,466
1242,172,199.5,10,467
1242,182,203.5,9,468
1242,191,197,9,469
1242,200,193.5,10,470
1242,210,189,9,471
1242,219,195,9,472
1242,228,195.5,10,473
1242,238,195.5,10,474
1242,248,194,9,475
1242,257,194,9,476
1242,266,196,10,477
1242,276,195,9,478
1242,285,195,10,479
1242,295,194,9,480
1242,304,190.5,9,481
1242,313,188.5,10,482
1242,323,185,9,483
1242,332,190,10,484
1242,342,189.5,9,485
1242,351,188,8,486
1242,359,188,6,487
1242,365,194.5,6,488
1250,26,99.5,8,465
1250,34,101.5,9,466
1250,43,102,9,467
1250,52,102.5,9,468
1250,70,103.5,9,470
1250,79,104,8,471
1250,87,104.5,10,472
1250,97,105,7,473
1250,104,105.5,10,474
1250,114,106.5,8,475
1250,122,107,9,476
1250,131,107,8,477
1250,139,108.5,9,478
1250,148,109,10,479
1250,158,110,9,480
1250,167,110,8,481
1250,175,111.5,9,482
1250,184,112,8,483
1250,192,114,9,484
1250,201,115,9,485
1250,210,115,8,486
1250,218,117,7,487
1250,225,117.5,10,488
1250,235,115,10,489
1250,245,113,5,490
1250,250,106,5,491
1358,611,75.5,5,491
1358,616,73,7,492
1358,623,74.5,9,493
1358,632,73,7,494
1358,639,72,10,495
1358,649,69,7,496
1358,656,75,7,497
1358,663,74,10,498
1358,673,68.5,8,499
1358,681,76,5,500
1358,686,75.5,5,501
1362,261,123.5,9,492
1362,270,120.5,7,493
1362,277,119,10,494
1362,287,120.5,9,495
1362,296,121.5,8,496
1362,304,122.5,8,497
1362,312,125,8,498
1362,320,124,9,499
1362,329,123.5,9,500
1362,356,134,6,503
1362,368,138,6,505
1362,374,139.5,0,506
1553,696,126,4,540
1553,700,126,9,541
1553,709,126.5,10,542
1553,719,126.5,9,543
1553,728,125.5,9,544
1553,737,125.5,9,545
1553,746,127,10,546
1553,756,126,9,547
1553,765,126,10,548
1553,775,124.5,9,549
1553,784,126.5,5,550
1629,82,117.5,10,555
1629,92,119.5,9,556
1629,101,118,10,557
1629,111,117,10,558
1629,121,115,10,559
1629,131,118.5,9,560
1629,140,120.5,10,561
1629,150,115.5,10,562
1629,160,113.5,10,563
1629,170,111,9,564
1629,179,119.5,10,565
1629,189,120.5,9,566
1629,198,118,9,567
1978,339,187.5,9,618
1978,348,187,9,619
1978,357,186,8,620
1978,365,181,9,621
1978,374,181,9,622
1978,383,180,9,623
1978,392,181,8,624
1978,400,183.5,8,625
1978,408,185.5,5,626
1978,413,177,8,627
1978,421,173.5,8,628
1978,429,172,8,629
1978,447,174,9,631
1978,466,175,10,633
1978,476,174.5,9,634
1978,494,175,14,636
2072,508,177,8,637
2072,516,170,9,638
2072,525,174.5,9,639
2072,534,174,9,640
2072,543,173.5,9,641
2072,552,173.5,9,642
2072,561,172,9,643
2072,570,172.5,10,644
2072,580,172,3,645
2072,583,169,8,646
2072,591,160.5,9,647
2072,600,169.5,9,648
2072,609,167,9,649
2157,34,340.5,7,659
2157,41,340,5,660
2157,46,337.5,2,661
2157,44,336.5,8,662
2157,52,341.5,10,663
2157,71,334,7,665
2157,78,337.5,10,666
2157,88,334.5,7,667
2157,95,333.5,6,668
2157,101,333.5,8,669
2157,109,334.5,1.166666667,670
2265,291,146,7,685
2265,298,147.5,7,686
2265,305,146,8,687
2265,313,146,9,688
2265,322,147.5,9,689
2265,331,147,8,690
2265,339,148,6,691
2265,345,149.5,10,692
2265,355,149,9,693
2265,364,149.5,6,694
2265,370,149.5,7,695
2265,387,149.5,10,697
2265,397,150.5,10,698
2265,407,149.5,10,699
2265,417,149.5,4,700
2265,421,151.5,4,701
2265,429,162.5,0,703
2501,58,543,9,746
2501,67,548.5,8,747
2501,75,547.5,9,748
2501,84,546,8,749
2501,92,546,8,750
2501,100,545.5,9,751
2501,109,544.5,9,752
2501,118,542,8,753
2501,126,538.5,9,754
2501,135,533.5,8,755
2501,143,539,9,756
2501,152,537.5,9,757
2501,170,534,0,759
2506,25,451,7,747
2506,32,452,6,748
2506,38,454,6,749
2506,44,455.5,7,750
2506,51,458,8,751
2506,59,460,6,752
2506,65,463,8,753
2506,73,463,7,754
2506,80,464,7,755
2506,87,467,8,756
2506,95,469.5,6,757
2506,101,471,9,758
2506,110,470,10,759
2506,120,471,3,760
2506,123,477,8,761
2506,131,478.5,7,762
2506,138,481,7,763
2506,145,483,7,764
2506,152,485,8,765
2506,160,487.5,4,766
2506,164,488.5,6,767
2506,170,492.5,10,768
2506,180,493,10,769
2506,190,493,10,770
2506,200,492.5,3.5,771
2556,165,538,4,758
2556,178,529.5,9,760
2556,187,533.5,7,761
2556,194,534,9,762
2556,203,532,8,763
2556,211,531,9,764
2556,220,530.5,8,765
2556,228,528.5,9,766
2556,237,528.5,8,767
2556,245,527,9,768
2556,254,526,8,769
2556,262,525,7,770
2556,269,526,7,771
2580,87,70.5,8,761
2580,95,70,8,762
2580,103,70,7,763
2580,110,70,9,764
2580,119,71,8,765
2580,127,70.5,8,766
2580,135,72,8,767
2580,143,72,8,768
2580,151,73.5,8,769
2580,159,73.5,8,770
2580,167,73.5,8.5,771
2656,79,235,7,778
2656,86,228.5,10,779
2656,96,230,7,780
2656,103,234.5,6,781
2656,109,238.5,6,782
2656,115,244,9,783
2656,124,247,7,784
2656,131,252,7,785
2656,138,255.5,8,786
2656,146,258,5,787
2656,151,263.5,2,788
2656,153,268,2,789
2665,256,63.5,7,781
2665,263,67.5,7,782
2665,270,68.5,9,783
2665,279,67,8,784
2665,287,70.5,7,785
2665,294,70.5,9,786
2665,303,72,6,787
2665,309,78.5,7,788
2665,316,78,9,789
2665,325,78.5,8,790
2665,333,80.5,8,791
2665,341,79,8,792
2665,349,79.5,8,793
2665,357,79.5,8,794
2665,365,82.5,8,795
2665,373,82.5,7,796
2665,380,81.5,8,797
2665,388,81.5,8,798
2665,396,81,9,799
2665,405,82.5,7,800
2665,412,83,8,801
2665,420,82.5,8,802
2665,428,84,8,803
2665,436,86,0,804
2706,137,53.5,8,793
2706,145,53.5,6,794
2706,151,54.5,10,795
2706,161,53,8,796
2706,169,55.5,6,797
2706,175,53.5,8,798
2706,183,55,8,799
2706,191,56,10,800
2706,201,55.5,9,801
2706,210,55.5,7,802
2706,217,57.5,9,803
2706,226,57.5,8,804
2706,234,56.5,7,805
2706,241,57,8,806
2706,249,57,8,807
2706,257,56.5,6,808
2706,263,58,6,809
2758,273,333.5,7,805
2758,280,337,8,806
2758,288,339.5,8,807
2758,296,344.5,6,808
2758,302,350.5,7,809
2758,309,354,8,810
2758,317,357.5,7,811
2758,324,361.5,8,812
2758,332,367.5,8,813
2758,340,369,7,814
2758,347,375,6,815
2758,353,379,8,816
2758,361,385,8,817
2758,369,389,7,818
2758,376,393.5,9,819
2758,385,396,8,820
2758,403,403.5,0,822
2776,92,89,8,809
2776,100,88.5,6,810
2776,106,86,10,811
2776,116,85.5,9,812
2776,125,86.5,7,813
2776,132,86.5,8,814
2776,140,86.5,7,815
2776,147,86,8,816
2776,155,86,8,817
2776,163,85,6,818
2776,169,85,8,819
2776,177,85.5,7,820
2776,184,83,8,821
2776,192,83.5,7,822
2776,199,82.5,8,823
2795,332,140.5,7,813
2795,339,141,7,814
2795,346,141.5,6,815
2795,352,143.5,9,816
2795,361,141,7,817
2795,368,141.5,7,818
2795,375,138,8,819
2795,383,140.5,7,820
2795,390,140.5,8,821
2795,398,138.5,4,822
2795,394,141,9,823
2795,403,142,9,824
2795,412,139,9,825
2795,421,138,4,826
2796,5,88,4,813
2796,9,89.5,3,814
2796,12,89,3,815
2796,15,92.5,11,816
2796,26,89,8,817
2796,34,89,7,818
2796,41,88.5,8,819
2796,49,89,7,820
2796,56,89.5,8,821
2796,64,92.5,7,822
2796,71,88,8,823
2796,79,89,8,824
2796,87,92.5,6,825
2796,93,94,10,826
2796,103,89.5,6,827
2796,109,91.5,7,828
2796,116,89.5,8,829
2796,124,90.5,8,830
2796,132,91,7,831
2796,139,91,8,832
2796,147,90.5,7,833
2796,154,90.5,8,834
2796,162,91,7,835
2796,169,92,8,836
2796,177,92,7,837
2796,184,92.5,8,838
2796,192,92.5,7,839
2796,199,94.5,8,840
2796,207,96.5,8,841
2796,215,95,7,842
2796,222,95.5,8,843
2796,230,97.5,8,844
2796,238,94,7,845
2796,245,95.5,7,846
2796,252,96,7,847
2796,259,96,9,848
2796,268,95.5,6,849
2796,274,97,8,850
2796,282,97,7,851
2796,289,97.5,8,852
2796,297,98,7,853
2796,304,98,8,854
2796,312,97.5,7,855
2796,319,101,8,856
2796,327,100,7,857
2796,334,101.5,8,858
2796,342,100,6,859
2796,348,102,9,860
2796,357,101,5,861
2796,362,103,10,862
2796,372,101.5,6,863
2796,378,104,8,864
2796,386,104.5,7,865
2796,393,105,7,866
2796,400,106,7,867
2796,407,106,8,868
2796,415,106,7,869
2796,422,108.5,8,870
2796,430,109.5,7,871
2796,437,111,7,872
2796,444,110,8,873
2796,452,111,7,874
2796,459,113.5,6,875
2796,465,115,7,876
2796,472,115,8,877
2796,480,116,7,878
2796,487,114.5,7,879
2796,494,115.5,9,880
2796,503,116,7,881
2796,510,117.5,6,882
2796,516,119.5,8,883
2796,524,118,7,884
2796,531,117.5,8,885
2796,539,116.5,7,886
2796,546,120.5,7,887
2796,553,122,7,888
2796,560,122.5,8,889
2796,568,123.5,8,890
2796,576,126.5,7,891
2796,583,126,7,892
2796,590,126,8,893
2796,598,127,7,894
2796,605,127.5,8,895
2796,613,127.5,7,896
2796,620,128.5,8,897
2796,628,129.5,8,898
2796,636,129,8,899
2796,644,129,7,900
2796,651,130,7,901
2796,658,132.5,8,902
2796,666,132,8,903
2796,674,133.5,7,904
2796,681,134.5,8,905
2796,689,134,8,906
2796,697,135.5,8,907
2796,705,134.5,9,908
2796,714,136,8,909
2796,722,136,7,910
2796,729,137.5,8,911
2796,737,137.5,8,912
2796,745,135.5,8,913
2796,753,138,7,914
2796,760,140.5,8,915
2796,768,140,8,916
2809,548,88,9,816
2809,557,89.5,8,817
2809,565,88.5,8,818
2809,573,90,9,819
2809,582,91.5,9,820
2809,591,91.5,10,821
2809,601,91,8,822
2809,609,92,9,823
2809,618,91.5,10,824
2809,628,91.5,7,825
2809,635,93.5,8,826
2850,647,92.5,7,827
2850,654,92.5,8,828
2850,662,94.5,10,829
2850,672,92.5,9,830
2850,681,92.5,9,831
2850,690,94,9,832
2850,699,93,9,833
2850,708,94.5,9,834
2850,717,94.5,9,835
2850,726,95,10,836
2850,736,94.5,9,837
2850,745,95.5,9,838
2850,754,96,10,839
2850,764,96,9,840
2850,773,96.5,9,841
2850,782,97.5,9,842
2850,791,99,10,843
2850,801,98.5,9,844
2850,810,98.5,9,845
2869,4,121.5,4,833
2869,8,120,9,834
2869,17,121.5,4,835
2869,21,120.5,8,836
2869,29,121,7,837
2869,36,120.5,10,838
2869,46,120,10,839
2869,56,120,7,840
2869,63,119.5,6,841
2869,69,121,4,842
2869,73,119,4,843
2945,80,173.5,6,856
2945,86,173,9,857
2945,95,171,8,858
2945,103,174.5,9,859
2945,112,169,9,860
2945,128,169,9,862
2945,165,165.5,8,866
2945,173,166.5,7,867
2945,180,164,9,868
2945,189,164.5,9,869
2945,198,164,9,870
2945,207,163,6,871
2945,213,162.5,6,872
2978,2,126.5,5,864
2978,7,125.5,3,865
2978,10,130.5,9,866
2978,19,127.5,7,867
2978,26,124.5,9,868
2978,35,127.5,10,869
2978,45,127.5,7,870
2978,52,128,8,871
2978,60,126,10,872
2978,70,121,7,873
2978,77,122.5,9,874
2978,86,129,8,875
2978,94,124.5,8,876
2978,102,126,9,877
2978,111,124,9,878
2978,127,125.5,9,880
2978,136,126.5,7,881
2978,143,128.5,8,882
2978,151,129,9,883
2978,160,127,8,884
2978,168,129,9,885
2978,177,127.5,7,886
2978,184,127.5,8,887
2978,192,128,8,888
2978,200,128,8,889
2978,208,129,8,890
2978,216,129,8,891
2978,224,128.5,9,892
2978,233,130,8,893
2978,241,129.5,8,894
2978,249,129.5,8,895
2978,257,130.5,8,896
2978,265,130.5,8,897
2978,273,131.5,8,898
2978,281,131,8,899
2978,289,131.5,9,900
2978,298,131.5,8,901
2978,306,131.5,8,902
2978,314,132,8,903
2978,322,132.5,8,904
2978,330,132,8,905
2978,338,133,8,906
2978,346,133.5,9,907
2978,355,133,9,908
2978,364,134,8,909
2978,372,133.5,8,910
2978,380,133.5,8,911
2978,388,134.5,8,912
2978,396,132,8,913
2978,404,131.5,9,914
2978,413,135,8,915
2978,421,132.5,8,916
2978,429,132.5,8,917
2978,437,135,9,918
2978,446,132.5,7,919
2978,453,134,9,920
2978,462,136.5,8,921
2978,470,134,8,922
2978,478,135.5,8,923
2978,486,133.5,9,924
2978,495,133,9,925
2978,504,134,8,926
2978,512,134.5,8,927
2978,520,133.5,8,928
2978,528,134,9,929
2978,537,128,7,930
2978,544,120.5,7,931
3012,224,160.5,7,873
3012,231,160,9,874
3012,240,162,7,875
3012,247,158.5,8,876
3012,255,162,9,877
3012,264,156.5,8,878
3012,272,158.5,9,879
3012,281,156,9,880
3012,290,157,8,881
3012,298,156.5,9,882
3012,307,155.5,7,883
3012,314,156.5,10,884
3012,324,154.5,8,885
3012,332,155.5,7,886
3012,339,157,9,887
3012,348,154,8,888
3012,356,154,9,889
3012,365,153,8,890
3012,373,152.5,8,891
3012,381,152.5,9,892
3012,390,151.5,8,893
3012,398,151,8,894
3012,406,151,8,895
3012,414,152,9,896
3012,423,150.5,9,897
3012,432,149.5,7,898
3012,439,151,9,899
3012,448,151.5,8,900
3012,456,151.5,8,901
3012,464,151.5,9,902
3012,473,149.5,8,903
3012,481,150,8,904
3012,489,151.5,9,905
3012,498,150.5,9,906
3012,507,148.5,7,907
3012,514,150,10,908
3012,524,151,8,909
3012,532,150.5,8,910
3012,540,150,9,911
3012,549,151,7,912
3012,556,150.5,8,913
3012,564,151.5,10,914
3012,574,151,6,915
3012,580,152,9,916
3012,589,152,9,917
3012,598,152.5,7,918
3012,605,152,9,919
3012,614,151.5,10,920
3012,624,150.5,7,921
3012,631,150.5,9,922
3012,640,151.5,8,923
3012,648,150.5,8,924
3012,656,150.5,9,925
3012,665,151.5,9,926
3012,674,150.5,8,927
3012,682,150,8,928
3012,699,152,8,930
3012,707,152,9,931
3012,716,149.5,10,932
3012,726,149.5,7,933
3012,733,151,8,934
3012,741,151.5,10,935
3012,751,151,8,936
3012,759,149.5,9,937
3048,392,111,2,884
3048,399,109.5,7,886
3048,406,109.5,7,887
3048,413,109.5,8,888
3048,421,109.5,8,889
3048,429,109,7,890
3048,436,110.5,7,891
3048,443,109.5,8,892
3048,451,109,7,893
3048,458,109.5,8,894
3048,466,109,7,895
3048,473,109.5,7,896
3048,480,109,8,897
3048,488,109.5,8,898
3059,47,113,9,887
3059,56,112.5,9,888
3059,65,111.5,9,889
3059,74,110.5,7,890
3059,81,112.5,7,891
3059,88,111.5,9,892
3059,97,114,9,893
3059,106,112.5,8,894
3059,114,113.5,8,895
3059,122,112.5,9,896
3059,131,112,9,897
3059,140,111.5,8,898
3059,148,111,9,899
3059,157,110.5,6,900
3059,163,111.5,9,901
3059,172,111,10,902
3059,182,111,7,903
3059,189,110.5,9,904
3059,198,108,9,905
3059,207,109.5,9,906
3059,216,108.5,8,907
3059,224,110.5,9,908
3059,233,110,9,909
3059,242,108.5,8,910
3059,250,108,8,911
3059,258,106.5,9,912
3059,267,106.5,7,913
3059,274,105,9,914
3059,283,107.5,9,915
3059,292,107.5,9,916
3059,301,106.5,6,917
3059,307,107,10,918
3059,317,107.5,9,919
3059,326,106.5,8,920
3059,334,107.5,9,921
3059,343,106.5,8,922
3059,351,105,7,923
3059,358,105,8,924
3059,366,107,10,925
3059,376,107.5,3,926
3059,379,107,4,927
3059,383,105.5,4,928
3095,506,110,8,899
3095,514,110,8,900
3095,522,109.5,7,901
3095,529,110,7,902
3095,536,109,9,903
3095,545,109.5,4,904
3095,541,109.5,7,905
3095,548,110,7,906
3095,572,110.5,7,909
3095,611,110,7,914
3095,618,110.5,8,915
3095,626,110,8,916
3121,1,77,5,908
3121,6,77,4,909
3121,10,76.5,8,910
3121,18,78.5,8,911
3121,26,76.5,9,912
3121,35,76.5,8,913
3121,43,76,8,914
3121,51,76,8,915
3121,59,75.5,10,916
3121,69,76,2,917
3121,71,76,8,918
3121,79,76,10,919
3121,89,75.5,8,920
3121,97,75.5,9,921
3121,106,75,8,922
3121,114,75,8,923
3223,72,504,3,935
3223,83,510,7,937
3223,90,510,7,938
3223,103,511.5,7,940
3223,110,506,8,941
3223,126,507,6,943
3223,132,508,7,944
3223,139,508.5,8,945
3223,147,509,6,946
3223,153,510,7,947
3223,160,511,7,948
3223,167,511.5,9,949
3223,176,512.5,5,950
3223,181,514,9,951
3223,190,515.5,5,952
3223,195,516,6,953
3223,201,516,7,954
3223,208,517,7,955
3223,215,518,8,956
3223,223,519,6,957
3223,229,518.5,7,958
3223,236,521,6,959
3223,242,521.5,6,960
3229,613,138,5,936
3229,618,140,7,937
3229,625,139,7,938
3229,632,140,6,939
3229,645,136,9,941
3229,654,143.5,7,942
3229,661,137,7,943
3229,668,137,8,944
3229,676,136.5,6,945
3229,682,139.5,9,946
3229,691,136,8,947
3229,699,137,5,948
3229,704,143.5,9,949
3229,713,139.5,8,950
3229,721,138.5,7,951
3229,728,138,9,952
3229,737,137.5,6,953
3229,743,138.5,8,954
3229,751,139,8,955
3229,759,136.5,9,956
3229,768,136,6,957
3229,774,136,9,958
3283,338,78.5,6,950
3283,344,79.5,6,951
3283,350,78.5,8,952
3283,365,81.5,8,954
3283,382,81.5,10,956
3283,392,80.5,8,957
3283,400,80.5,7,958
3283,407,82,7,959
3283,424,83,10,961
3283,441,83,10,963
3283,451,82,8,964
3283,459,82,8,965
3283,476,81.5,9,967
3283,485,81,9,968
3283,494,82.5,8,969
3283,502,81.5,8,970
3283,510,82.5,9,971
3283,519,82,8,972
3283,527,82,6,973
3283,533,84,7,974
3295,402,85.5,5,954
3295,407,85.5,8,955
3295,415,79.5,8,956
3295,423,82.5,8,957
3295,431,82.5,8,958
3295,439,78.5,8,959
3295,456,82,8,961
3295,464,83.5,9,962
3295,473,83,10,963
3295,483,79,7,964
3295,490,79.5,9,965
3295,499,79,8,966
3295,507,80.5,9,967
3295,516,79,10,968
3295,526,78.5,7,969
3295,533,80,6,970
3295,539,85,8,971
3295,547,86,11,972
3295,558,81.5,9,973
3295,567,81,6,974
3295,573,84,8,975
3295,581,85.5,7,976
3295,588,86,11,977
3295,599,84.5,7,978
3295,606,86,8,979
3295,614,87,9,980
3295,623,86,9,981
3295,632,87.5,7,982
3295,639,87,10,983
3295,649,87.5,8,984
3295,657,88,8,985
3295,665,87.5,9,986
3295,674,89,6,987
3295,680,90.5,9,988
3295,689,90,9,989
3295,698,91,7,990
3295,705,92.5,11,991
3295,716,91,7,992
3295,723,93,7,993
3295,730,92,8,994
3295,738,94.5,9,995
3295,747,95,8,996
3295,755,95.5,8,997
3295,763,95,10,998
3295,773,95.5,7,999
3295,780,96,10,1000
3295,790,97.5,8,1001
3295,798,97,9,1002
3295,807,98.5,8,1003
3295,815,99,9,1004
3395,610,80,4,982
3395,623,80,9,984
3395,632,79,9,985
3395,641,77.5,9,986
3395,650,78,7,987
3395,657,78,10,988
3395,667,78,8,989
3395,675,76.5,9,990
3395,684,76.5,10,991
3395,694,76,9,992
3395,703,75,7,993
3395,710,76,9,994
3395,719,75,9,995
3395,728,75.5,9,996
3395,737,75,9,997
3395,746,75,10,998
3395,764,74,9,1000
3395,773,74.5,9,1001
3395,782,73,9,1002
3395,791,73.5,9,1003
3395,800,73.5,9,1004
3395,809,72.5,9,1005
3395,818,72,9,1006
3413,550,122.5,0,989
3413,550,123.5,9,990
3413,559,120.5,9,991
3413,568,123.5,8,992
3413,576,122.5,8,993
3413,584,120,9,994
3413,593,119,9,995
3413,602,119.5,9,996
3413,611,118.5,9,997
3413,620,116.5,9,998
3413,629,118.5,7,999
3413,636,118.5,9,1000
3413,645,121,9,1001
3413,654,116.5,7,1002
3413,661,122.5,7,1003
3413,668,124.5,7,1004
3413,675,127.5,0,1005
3460,698,117,10,1006
3460,708,116.5,8,1007
3460,716,117.5,8,1008
3460,724,117,9,1009
3460,733,117,8,1010
3460,741,117.5,9,1011
3460,750,118,8,1012
3460,758,117,9,1013
3460,767,117.5,8,1014
3460,775,118.5,3,1015
3460,772,117.5,9,1016
3460,781,119,8,1017
3518,525,66,8,1028
3518,533,62,8,1029
3518,541,71.5,8,1030
3518,549,71.5,8,1031
3518,557,74,8,1032
3518,565,77,8,1033
3518,573,74.5,8,1034
3518,581,75.5,10,1035
3518,591,74,5,1036
3518,586,75,8,1037
3518,594,76.5,8,1038
3518,602,77.5,8,1039
3518,610,78.5,0,1040
3582,289,139.5,4,1049
3582,293,140.5,8,1050
3582,301,140,8,1051
3582,309,141,7,1052
3582,316,143,10,1053
3582,326,141,10,1054
3582,343,143.5,8,1056
3582,351,141.5,7,1057
3582,358,140.5,9,1058
3582,367,139.5,9,1059
3582,376,143.5,9,1060
3582,385,142,0,1061
3613,411,118.5,7,1060
3613,418,119,8,1061
3613,426,118,5,1062
3613,431,119.5,6,1063
3613,437,118.5,7,1064
3613,444,121,7,1065
3613,451,117,7,1066
3613,458,117,7,1067
3613,465,118,6,1068
3613,471,118,7,1069
3613,478,118,8,1070
3613,486,118.5,5,1071
3613,491,119.5,7,1072
3613,498,118,7,1073
3613,505,120,7,1074
3613,512,120,6,1075
3613,518,121.5,7,1076
3613,525,121,7,1077
3613,532,121,7,1078
3613,539,121,7,1079
3613,546,121.5,8,1080
3613,554,122,6,1081
3613,560,123.5,8,1082
3613,568,123,7,1083
3613,575,122.5,7,1084
3613,582,123,7,1085
3613,589,123,7,1086
3613,596,122.5,7,1087
3613,603,122,7,1088
3613,610,123.5,8,1089
3613,618,122.5,7,1090
3613,625,122.5,7,1091
3613,632,122.5,8,1092
3613,640,122,7,1093
3613,647,121,7,1094
3613,654,122.5,8,1095
3613,662,122,7,1096
3613,669,121.5,7,1097
3613,676,121.5,9,1098
3613,685,120,7,1099
3613,692,119,7,1100
3613,699,120.5,8,1101
3613,707,120.5,8,1102
3613,715,119,7,1103
3613,722,119,8,1104
3613,730,118,8,1105
3613,738,117.5,7,1106
3613,745,118,8,1107
3613,753,116.5,7,1108
3613,760,118,8,1109
3613,768,117,7,1110
3613,775,118.5,8,1111
3613,783,117.5,7,1112
3613,790,118,8,1113
3613,798,118,8,1114
3650,73,136,11,1082
3650,84,134.5,8,1083
3650,92,135,9,1084
3650,101,136.5,8,1085
3650,109,139.5,10,1086
3650,119,135.5,9,1087
3650,128,135,9,1088
3650,137,134,8,1089
3650,145,135.5,9,1090
3650,154,136,9,1091
3650,163,136,9,1092
3650,172,138.5,9,1093
3650,181,136,9,1094
3650,190,136.5,9,1095
3650,199,135.5,9,1096
3650,208,137.5,9,1097
3650,217,135.5,7,1098
3650,224,137,5,1099
3653,278,129,6,1086
3653,293,134,8,1088
3653,301,134.5,9,1089
3653,310,133.5,8,1090
3653,318,135.5,10,1091
3653,328,132.5,10,1092
3653,338,132.5,7,1093
3653,345,134,9,1094
3653,354,133.5,9,1095
3653,363,133.5,6,1096
3653,369,138,10,1097
3653,379,135,11,1098
3653,390,134,9,1099
3653,399,133,11,1100
3661,357,101.5,8,1095
3661,365,101,8,1096
3661,373,101,8,1097
3661,381,101,9,1098
3661,390,100.5,7,1099
3661,397,99.5,7,1100
3661,404,100,6,1101
3661,410,101,8,1102
3661,418,100.5,8,1103
3661,434,100.5,7,1105
3661,441,100.5,7,1106
3661,448,100,7,1107
3661,455,102,9,1108
3661,464,100.5,8,1109
3661,472,100.5,7,1110
3661,479,101,9,1111
3661,488,98,7,1112
3661,495,101,7,1113
3664,235,136.5,7,1100
3664,242,142.5,11,1101
3664,253,135.5,8,1102
3664,261,136.5,8,1103
3664,269,138,10,1104
3664,279,138,8,1105
3664,287,137.5,8,1106
3664,295,137.5,9,1107
3664,304,139.5,8,1108
3664,312,138.5,9,1109
3664,321,139,8,1110
3664,329,138,9,1111
3664,338,140,8,1112
3664,346,140,9,1113
3664,355,140.5,8,1114
3664,363,142,8,1115
3664,371,141.5,9,1116
3664,380,143,8,1117
3664,388,142,8,1118
3664,396,143,8,1119
3664,404,144,9,1120
3664,413,144.5,8,1121
3664,421,145.5,8,1122
3664,429,146,7,1123
3664,436,148,8,1124
3664,453,149,9,1126
3664,462,151,5,1127
3664,467,151,4,1128
3665,410,130.5,7,1101
3665,417,129,10,1102
3665,427,127,9,1103
3665,436,126.5,9,1104
3665,445,126.5,8,1105
3665,453,127,9,1106
3665,462,125.5,9,1107
3665,471,127,8,1108
3665,479,127,9,1109
3665,488,127,8,1110
3665,496,126,10,1111
3665,506,125.5,9,1112
3665,515,124.5,9,1113
3665,524,124.5,10,1114
3665,534,122.5,8,1115
3665,542,122.5,10,1116
3665,552,122,8,1117
3665,560,122,9,1118
3665,569,121.5,9,1119
3665,578,121.5,9,1120
3665,587,121.5,9,1121
3665,596,120.5,9,1122
3665,605,120.5,8,1123
3665,613,122,9,1124
3697,624,116.5,9,1125
3697,633,116.5,10,1126
3697,643,117,9,1127
3697,652,116,9,1128
3697,661,115,8,1129
3697,669,116.5,10,1130
3697,679,114,11,1131
3697,690,112.5,8,1132
3697,698,113,10,1133
3697,708,112,9,1134
3697,717,110.5,10,1135
3697,727,110.5,8,1136
3697,735,111,8,1137
3697,753,110,10,1139
3697,773,109,10,1141
3697,783,107.5,9,1142
3697,792,108.5,10,1143
3697,802,106.5,9,1144
3697,811,106.5,10,1145
3755,182,399.5,8,1142
3755,190,400,7,1143
3755,197,397,9,1144
3755,206,397.5,9,1145
3755,215,393,10,1146
3755,225,392.5,10,1147
3755,235,391.5,7,1148
3755,242,389,9,1149
3755,251,388.5,9,1150
3755,260,386.5,10,1151
3755,270,383.5,9,1152
3755,279,380.5,8,1153
3755,287,381.5,10,1154
3755,297,379.5,10,1155
3755,307,377,9,1156
3755,316,376,8,1157
3755,324,375.5,9,1158
3755,333,373,9,1159
3755,342,372,9,1160
3755,351,371,10,1161
3755,361,368,9,1162
3755,370,367,9,1163
3755,388,366,0,1165
3827,381,365.5,7,1164
3827,388,365,9,1165
3827,397,362.5,10,1166
3827,407,361.5,8,1167
3827,415,359,9,1168
3827,424,359,10,1169
3827,434,354.5,9,1170
3827,443,355.5,10,1171
3827,453,354.5,8,1172
3827,461,352,10,1173
3827,471,350,8,1174
3827,479,349.5,9,1175
3827,488,348.5,10,1176
3827,498,345,9,1177
3827,507,345,10,1178
3827,517,341,9,1179
3827,526,340,9,1180
3827,535,340,10,1181
3827,545,339,9,1182
3827,554,336.5,10,1183
3827,564,335,9,1184
3827,573,334,10,1185
3827,583,333,10,1186
3870,51,127.5,6,1174
3870,57,131.5,10,1175
3870,67,130,9,1176
3870,76,131,10,1177
3870,86,131.5,9,1178
3870,95,131.5,8,1179
3870,103,133.5,8,1180
3870,111,133,10,1181
3870,121,130.5,7,1182
3870,128,131,10,1183
3870,138,129.5,7,1184
3870,145,131.5,9,1185
3870,154,131.5,9,1186
3943,214,129,8,1192
3943,222,130.5,9,1193
3943,231,130.5,9,1194
3943,240,130,9,1195
3943,258,132.5,9,1197
3943,267,132.5,9,1198
3943,276,132.5,9,1199
3943,285,131.5,10,1200
3943,295,130,9,1201
3943,304,130,8,1202
3943,312,131.5,9,1203
3943,321,130.5,9,1204
3943,330,131,8,1205
3943,338,133,8,1206
3943,346,133.5,9,1207
3943,355,133.5,7,1208
3943,362,134,10,1209
3943,372,132.5,8,1210
3943,380,134,10,1211
3943,390,134,7,1212
3943,397,136,10,1213
3943,407,136,8,1214
3943,415,136,8,1215
3943,423,136.5,9,1216
3943,432,137.5,8,1217
3943,440,138.5,9,1218
3943,449,138.5,8,1219
3943,457,139.5,9,1220
3943,466,140,9,1221
3943,475,139,8,1222
3943,483,141.5,9,1223
3943,492,141,8,1224
3943,500,142,10,1225
3943,510,141,8,1226
3943,518,142.5,10,1227
3943,528,144,7,1228
3943,535,144.5,10,1229
3943,545,145,7,1230
3943,552,145.5,9,1231
3943,561,146,8,1232
3943,569,146.5,9,1233
3943,578,146,7,1234
3943,585,147,10,1235
3943,595,147,9,1236
3943,604,147,8,1237
3943,612,149.5,9,1238
3943,621,149,7,1239
3943,628,150,9,1240
3943,637,150,9,1241
3943,646,151,8,1242
3943,654,151.5,8,1243
4003,152,110.5,8,1204
4003,160,109,1,1205
4003,161,107.5,9,1206
4003,170,107.5,8,1207
4003,178,105,9,1208
4003,187,103.5,8,1209
4003,195,102,10,1210
4003,205,101,9,1211
4003,214,99,8,1212
4003,222,89.5,10,1213
4003,232,90,9,1214
4040,252,89.5,8,1215
4040,260,89.5,9,1216
4040,269,89,9,1217
4040,278,91.5,7,1218
4040,285,89.5,8,1219
4040,293,91,5,1220
4040,298,88,5,1221
4040,303,86.5,8,1222
4040,311,85,9,1223
4040,320,85,9,1224
4040,329,83,11,1225
4081,376,80,4,1230
4081,380,78,8,1231
4081,388,79,9,1232
4081,397,76,8,1233
4081,405,76,7,1234
4081,412,78,10,1235
4081,422,74.5,7,1236
4081,429,75.5,9,1237
4081,438,77,8,1238
4081,446,74,7,1239
4081,453,73,8,1240
4093,518,224.5,10,1233
4093,528,225.5,8,1234
4093,536,226.5,10,1235
4093,546,227.5,8,1236
4093,554,228.5,10,1237
4093,564,230,9,1238
4093,579,230,9,1240
4093,588,230.5,9,1241
4093,597,231.5,9,1242
4093,606,232.5,9,1243
4093,615,233.5,9,1244
4093,624,234.5,9,1245
4093,633,233.5,9,1246
4093,642,232.5,9,1247
4093,651,239,10,1248
4093,661,234.5,8,1249
4093,669,239,9,1250
4227,624,34,10,1279
4227,634,32,9,1280
4227,643,32.5,7,1281
4227,650,33.5,9,1282
4227,659,33,7,1283
4227,666,34.5,8,1284
4227,674,32,8,1285
4227,682,31.5,9,1286
4227,691,33,8,1287
4227,699,31,9,1288
4227,708,27,9,1289
4227,717,33,9,1290
4227,726,32.5,0,1291
4546,5,213.5,4,1350
4546,9,213.5,9,1351
4546,18,211.5,10,1352
4546,28,208.5,9,1353
4546,46,219,10,1355
4546,56,216.5,8,1356
4546,64,217,11,1357
4546,75,217,9,1358
4546,84,223,10,1359
4546,94,223.5,8,1360
4546,102,220.5,8,1361
4663,205,216.5,7,1372
4663,212,214.5,9,1373
4663,221,216,9,1374
4663,239,216,9,1376
4663,248,216,10,1377
4663,258,215.5,10,1378
4663,277,216,8,1380
4663,285,216.5,9,1381
4663,294,217,10,1382
4663,304,216.5,10,1383
4663,314,217,10,1384
4663,324,217.5,9,1385
4663,333,218.5,10,1386
4663,343,218,9,1387
4663,352,218,10,1388
4663,362,218,8,1389
4663,370,220.5,10,1390
4663,380,219,10,1391
4663,390,219,9,1392
4663,399,220.5,9,1393
4694,582,234.5,7,1377
4694,589,236,10,1378
4694,599,235,9,1379
4694,608,235,10,1380
4694,618,234,10,1381
4694,628,233,9,1382
4694,637,233.5,10,1383
4694,647,233,10,1384
4694,657,233,9,1385
4694,666,232,10,1386
4694,676,232,7,1387
5131,312,150,8,1479
5131,320,152,9,1480
5131,329,152,8,1481
5131,337,153,8,1482
5131,345,155,8,1483
5131,353,155.5,9,1484
5131,362,153,9,1485
5131,371,152,8,1486
5131,379,158,7,1487
5131,386,156.5,9,1488
5131,395,155,9,1489
5131,404,164,8,1490
5131,412,163.5,9,1491
5131,421,163.5,8,1492
5131,429,166,9,1493
5131,438,166.5,8,1494
5131,446,169,9,1495
5131,455,164.5,8,1496
5131,463,164,9,1497
5131,472,162.5,8,1498
5131,480,169.5,9,1499
5131,489,170.5,7,1500
5131,496,172.5,6,1501
5131,502,175,6,1502
5159,206,348.5,10,1484
5159,216,346.5,10,1485
5159,226,348,9,1486
5159,235,346,9,1487
5159,244,345.5,9,1488
5159,253,348,10,1489
5159,263,345.5,10,1490
5159,283,346,10,1492
5159,293,343,9,1493
5159,302,345.5,10,1494
5159,312,344,10,1495
5159,322,341.5,10,1496
5159,332,339.5,10,1497
5159,342,339,10,1498
5159,352,340,10,1499
5159,362,341,8,1500
5159,370,340,10,1501
5159,380,339.5,10,1502
5159,390,339.5,10,1503
5159,400,338,11,1504
5159,411,336,9,1505
5159,420,336.5,8,1506
5366,3,321,6,1530
5366,9,324,3,1531
5366,12,329.5,3,1532
5366,15,333.5,5,1533
5366,20,336,5,1534
5366,25,339,3,1535
5366,28,343,5,1536
5366,33,347,4,1537
5366,37,350.5,4,1538
5366,41,353.5,4,1539
5366,45,357,4,1540
5366,49,361,6,1541
5366,55,360.5,3,1542
5366,58,367,4,1543
5366,62,369,5,1544
5366,67,371.5,3,1545
5366,70,378,4,1546
5366,74,380.5,4,1547
5366,78,384.5,5,1548
5366,83,386,4,1549
5366,87,390,4,1550
5366,91,395.5,4,1551
5366,95,399,4,1552
5366,99,402.5,4,1553
5366,103,407,4,1554
5366,107,410,4,1555
5366,111,413,4,1556
5366,115,417.5,4,1557
5366,119,420.5,3,1558
5366,122,425.5,4,1559
5366,126,430,4,1560
5366,130,434,5,1561
5366,135,437,4,1562
5366,139,442,3,1563
5366,142,447,3.5,1564
5407,456,254,9,1538
5407,465,254.5,8,1539
5407,473,257,8,1540
5407,481,257.5,9,1541
5407,490,260,8,1542
5407,498,262,9,1543
5407,507,263,9,1544
5407,516,264,7,1545
5407,523,268.5,9,1546
5407,532,268.5,8,1547
5407,540,271,9,1548
5407,549,271.5,8,1549
5407,557,274,10,1550
5407,567,274.5,9,1551
5407,576,276.5,8,1552
5407,584,277,9,1553
5407,593,279,8,1554
5407,601,280.5,9,1555
5407,610,282,9,1556
5407,619,283,9,1557
5407,628,285.5,8,1558
5436,344,143.5,8,1545
5436,352,145.5,7,1546
5436,359,144,8,1547
5436,367,145.5,10,1548
5436,377,144,10,1549
5436,387,142,11,1550
5436,398,141.5,9,1551
5436,407,142.5,8,1552
5436,415,139.5,9,1553
5436,424,140.5,10,1554
5436,434,138.5,9,1555
5436,443,139,9,1556
5436,452,139,9,1557
5436,461,139.5,9,1558
5436,470,138,10,1559
5436,480,136,9,1560
5436,489,135.5,10,1561
5436,499,135,9,1562
5436,508,135.5,8,1563
5436,516,133,10,1564
5436,526,129.5,8,1565
5436,534,128.5,9,1566
5436,543,127,11,1567
5436,554,127,9,1568
5436,563,125.5,9,1569
5436,572,123.5,9,1570
5436,581,124.5,9,1571
5436,590,124,9,1572
5436,599,123,10,1573
5436,609,121.5,8,1574
5436,617,122.5,9,1575
5436,626,122.5,9,1576
5535,5,170.5,5,1566
5535,10,173.5,5,1567
5535,15,171.5,9,1568
5535,24,176,9,1569
5535,33,169.5,7,1570
5535,40,165.5,10,1571
5535,50,167.5,7,1572
5535,57,163,8,1573
5535,65,160.5,10,1574
5535,75,164.5,8,1575
5535,83,164.5,9,1576
5535,92,162.5,8,1577
5535,100,163,8,1578
5535,108,163.5,8,1579
5535,125,161,7,1581
5535,132,163,5,1582
5535,137,162,7,1583
5536,149,453,4,1566
5536,153,457,5,1567
5536,158,461,4,1568
5536,162,464.5,4,1569
5536,166,467,3,1570
5536,169,471,4,1571
5536,173,477,3,1572
5536,176,481,4,1573
5536,180,483.5,4,1574
5536,184,487.5,4,1575
5536,188,491.5,4,1576
5536,192,496.5,4,1577
5595,637,119.5,9,1577
5595,646,120,9,1578
5595,655,117.5,8,1579
5595,663,119.5,10,1580
5595,673,118,10,1581
5595,683,117,8,1582
5595,691,115.5,11,1583
5595,702,116,8,1584
5595,710,116,10,1585
5595,720,114.5,9,1586
5595,729,115.5,10,1587
5595,739,113.5,8,1588
5595,747,115,9,1589
5595,756,114.5,10,1590
5595,766,112.5,9,1591
5595,775,113.5,10,1592
5595,785,112,9,1593
5595,794,111,9,1594
5606,200,503.5,3,1579
5606,203,507,5,1580
5606,208,510.5,5,1581
5606,213,514.5,4,1582
5606,217,518,2,1583
5606,219,524,1,1584
5606,220,531.5,6,1585
5606,226,531.5,6,1586
5606,232,533.5,1,1587
5606,233,540,4,1588
5606,237,544,4,1589
5606,241,547.5,4,1590
5606,245,552,4,1591
5606,249,555.5,4,1592
5606,253,560,4,1593
5606,257,563.5,4,1594
5606,261,568.5,2,1595
5606,263,572,2,1596
5606,265,579,5,1597
5606,270,580.5,5,1598
5606,275,583.5,5,1599
5606,280,588,2,1600
5606,282,593,2,1601
5606,284,599.5,2,1602
5606,286,605.5,4.666666667,1603
5626,245,424.5,9,1584
5626,254,424,9,1585
5626,263,425.5,10,1586
5626,273,425.5,10,1587
5626,283,424.5,10,1588
5626,293,422,10,1589
5626,303,421,10,1590
5626,313,419.5,9,1591
5626,322,422,10,1592
5626,332,421,10,1593
5626,342,418.5,8,1594
5626,350,421.5,8,1595
5629,6,40,4,1584
5629,10,41,4,1585
5629,14,41.5,10,1586
5629,24,40.5,7,1587
5629,31,45,9,1588
5629,40,43,8,1589
5629,48,43.5,8,1590
5629,65,44.5,7,1592
5629,72,46,9,1593
5629,81,46,8,1594
5629,89,46,9,1595
5629,98,45.5,8,1596
5629,106,46,7,1597
5629,113,50,10,1598
5629,123,47.5,8,1599
5629,131,47.5,8,1600
5672,212,148,3,1591
5672,215,155.5,5,1592
5672,220,155.5,9,1593
5672,229,155.5,9,1594
5672,238,155.5,9,1595
5672,247,154,9,1596
5672,256,155,7,1597
5672,263,153,9,1598
5672,272,153.5,7,1599
5672,279,153,8,1600
5672,287,155.5,7,1601
5672,294,154.5,10,1602
5672,304,153,6,1603
5672,310,153.5,11,1604
5672,321,147.5,6,1605
5672,327,151,8,1606
5672,335,151.5,8,1607
5672,343,153,7,1608
5672,350,154.5,5,1609
5672,355,151,5,1610
5908,72,396.5,10,1645
5908,82,394.5,8,1646
5908,90,394.5,7,1647
5908,97,393.5,7,1648
5908,114,393,10,1650
5908,124,390.5,10,1651
5908,134,390.5,7,1652
5908,141,393,11,1653
5908,152,390.5,8,1654
5908,160,391,8,1655
5908,168,382.5,10,1656
5908,178,378.5,9,1657
5908,187,375.5,9,1658
5908,205,390,9,1660
5908,214,391,10,1661
5908,224,388.5,10,1662
5908,244,388,0,1664
5956,599,52,9,1657
5956,608,43.5,8,1658
5956,616,46,9,1659
5956,625,49,10,1660
5956,635,50,7,1661
5956,642,54.5,10,1662
5956,652,55.5,9,1663
5956,661,57,10,1664
5956,671,58.5,9,1665
5956,680,61,9,1666
5956,689,63.5,10,1667
5956,699,64.5,9,1668
5956,708,68,10,1669
5956,718,68.5,9,1670
5956,727,71.5,9,1671
5956,736,73.5,9,1672
5956,745,76,9,1673
5956,754,79,9,1674
6001,731,64.5,9,1669
6001,740,65,8,1670
6001,748,66.5,9,1671
6001,757,66,8,1672
6001,765,68,9,1673
6001,774,69,8,1674
6001,782,69,8,1675
6001,790,70,8,1676
6001,798,68.5,8,1677
6001,806,69,8,1678
6001,814,68.5,9,1679
6001,823,66.5,9,1680
6001,832,65,8,1681
6001,840,64,9,1682
6050,637,202.5,5,1686
6050,642,201,10,1687
6050,652,198.5,9,1688
6050,661,197.5,10,1689
6050,671,196,8,1690
6050,679,194.5,10,1691
6050,689,192.5,10,1692
6050,699,190.5,10,1693
6050,709,189,9,1694
6050,718,187.5,10,1695
6050,728,186,10,1696
6075,166,260,9,1692
6075,175,260.5,9,1693
6075,184,260.5,8,1694
6075,192,262,10,1695
6075,202,260.5,8,1696
6075,210,260.5,9,1697
6075,219,260.5,9,1698
6075,228,260,10,1699
6075,238,260,9,1700
6075,247,260.5,9,1701
6075,256,258.5,8,1702
6075,264,259.5,11,1703
6075,275,260,8,1704
6075,283,260,8,1705
6075,291,261.5,10,1706
6075,301,260,10,1707
6075,311,258.5,9,1708
6075,320,260,8,1709
6075,328,259,9,1710
6075,337,259.5,9,1711
6075,346,261,10,1712
6075,356,259,9,1713
6075,365,259,9,1714
6075,374,259.5,9,1715
6075,383,261.5,0,1716
6180,445,128.5,10,1721
6180,455,128,9,1722
6180,464,127.5,8,1723
6180,472,125,8,1724
6180,480,126.5,10,1725
6180,490,125.5,9,1726
6180,499,128,9,1727
6180,508,128,9,1728
6180,517,128,9,1729
6180,526,125,8,1730
6180,534,126,9,1731
6180,543,125,10,1732
6180,553,123,9,1733
6180,562,123,9,1734
6180,571,124,10,1735
6180,581,122,9,1736
6180,590,128.5,9,1737
6180,599,124,10,1738
6180,609,123,9,1739
6180,618,123,10,1740
6180,628,122,9,1741
6180,637,121,9,1742
6180,646,123.5,9,1743
6180,655,122.5,10,1744
6180,675,119,9,1746
6230,201,113.5,8,1731
6230,209,113.5,8,1732
6230,217,114.5,9,1733
6230,226,113.5,8,1734
6230,234,116,7,1735
6230,241,118,9,1736
6230,250,117,5,1737
6230,255,117.5,10,1738
6230,265,119,8,1739
6230,273,121,4,1740
6230,277,121.5,4,1741
6230,281,123.5,4,1742
6253,185,160,3,1736
6253,188,162.5,8,1737
6253,196,165,9,1738
6253,205,159.5,5,1739
6253,210,165.5,10,1740
6253,220,166,8,1741
6253,228,168.5,5,1742
6253,233,166,8,1743
6253,241,165.5,7,1744
6253,248,167.5,10,1745
6253,258,167,8,1746
6253,266,167,8,1747
6253,274,168,8,1748
6253,282,169,7,1749
6253,289,170,8,1750
6253,297,170.5,8,1751
6253,305,171,9,1752
6253,314,174,8,1753
6253,322,173,8,1754
6253,330,172.5,8,1755
6253,338,174.5,7,1756
6253,345,175.5,7,1757
6253,352,178,7,1758
6253,367,178,1.2,1760
6303,321,128,7,1746
6303,328,130,9,1747
6303,337,129.5,7,1748
6303,344,131,6,1749
6303,350,132,9,1750
6303,359,133,8,1751
6303,367,134.5,7,1752
6303,374,136.5,9,1753
6303,383,136,9,1754
6303,392,138,7,1755
6303,399,138,8,1756
6303,407,138.5,7,1757
6303,414,140,9,1758
6303,423,140.5,8,1759
6303,431,142.5,6,1760
6303,437,145,8,1761
6303,445,148,0,1762
6365,27,6,5,1762
6365,32,12,7,1763
6365,39,13,8,1764
6365,47,14.5,9,1765
6365,56,14.5,7,1766
6365,63,15,10,1767
6365,73,14,6,1768
6365,79,14,10,1769
6365,89,12.5,6,1770
6365,95,13,10,1771
6365,105,14,8,1772
6365,113,14,8,1773
6365,121,15.5,6,1774
6365,127,14.5,6,1775
6436,626,194,9,1779
6436,635,193,10,1780
6436,645,188,9,1781
6436,654,186.5,10,1782
6436,664,182.5,9,1783
6436,673,181,10,1784
6436,683,179,10,1785
6436,701,174.5,10,1787
6436,711,169.5,9,1788
6436,720,172.5,10,1789
6436,730,168.5,10,1790
6436,740,168,8,1791
6473,3,1,5,1788
6473,8,0.5,4,1789
6473,12,1.5,8,1790
6473,27,0,7,1792
6473,34,3.5,8,1793
6473,50,0.5,7,1795
6473,57,2,5,1796
6473,62,6.5,8,1797
6473,70,2,7,1798
6473,77,5,7,1799
6473,84,5,0,1800
